pay_band,agency,count
$100K-$150K,ADMIN CONFERENCE OF THE UNITED STATES,4
$100K-$150K,ADV COUNCIL ON HISTORIC PRESERVATION,13
$100K-$150K,AFRICAN DEVELOPMENT FOUNDATION,10
$100K-$150K,AMERICAN BATTLE MONUMENTS COMMISSION,33
$100K-$150K,APPALACHIAN REGIONAL COMMISSION,3
$100K-$150K,ARCHITECTL & TRANS BARRIER COMPLIANCE BD,8
$100K-$150K,ARCTIC RESEARCH COMMISSION,0
$100K-$150K,ARMED FORCES RETIREMENT HOME,36
$100K-$150K,BARRY GOLDWATER SCHOL & EXCEL IN ED FOUN,1
$100K-$150K,CHEMICAL SAFETY/HAZARD INVESTIGATION BD,13
$100K-$150K,CIVIL RIGHTS COLD CASE REVIEW BOARD,5
$100K-$150K,CMSN FOR PRES OF AMERICA'S HERITAGE ABRD,0
$100K-$150K,CMTE FOR PURCH FRM PPLE BLIND OR SEV DIS,12
$100K-$150K,COMMISSION OF FINE ARTS,5
$100K-$150K,COMMISSION ON CIVIL RIGHTS,14
$100K-$150K,COMMODITY FUTURES TRADING COMMISSION,12
$100K-$150K,CONSUMER PRODUCT SAFETY COMMISSION,123
$100K-$150K,CORP FOR NATIONAL AND COMMUNITY SERVICE,148
$100K-$150K,COUNCIL OF ECONOMIC ADVISERS,5
$100K-$150K,COUNCIL OF INSP. GEN. ON INTEG.& EFFIC.,6
$100K-$150K,COUNCIL ON ENVIR QUAL/OFC OF ENVIR QUAL,7
$100K-$150K,COURT SERVICES AND OFFENDR SUPERVSN AGY,576
$100K-$150K,DEFENSE NUCLEAR FACILITIES SAFETY BOARD,10
$100K-$150K,DELTA REGIONAL AUTHORITY,0
$100K-$150K,DENALI COMMISSION,6
$100K-$150K,DEPARTMENT OF AGRICULTURE,18345
$100K-$150K,DEPARTMENT OF COMMERCE,12067
$100K-$150K,DEPARTMENT OF DEFENSE,0
$100K-$150K,DEPARTMENT OF EDUCATION,973
$100K-$150K,DEPARTMENT OF ENERGY,5742
$100K-$150K,DEPARTMENT OF HEALTH AND HUMAN SERVICES,29540
$100K-$150K,DEPARTMENT OF HOMELAND SECURITY,22361
$100K-$150K,DEPARTMENT OF HOUSING AND URBAN DEVELOPM,3211
$100K-$150K,DEPARTMENT OF INTERIOR,17560
$100K-$150K,DEPARTMENT OF JUSTICE,11324
$100K-$150K,DEPARTMENT OF LABOR,5784
$100K-$150K,DEPARTMENT OF STATE,4694
$100K-$150K,DEPARTMENT OF THE AIR FORCE,0
$100K-$150K,DEPARTMENT OF THE ARMY,0
$100K-$150K,DEPARTMENT OF THE NAVY,0
$100K-$150K,DEPARTMENT OF TRANSPORTATION,20107
$100K-$150K,DEPARTMENT OF TREASURY,13733
$100K-$150K,DEPARTMENT OF VETERANS AFFAIRS,129271
$100K-$150K,DFC,144
$100K-$150K,ELECTION ASSISTANCE COMMISSION,35
$100K-$150K,ENVIRONMENTAL PROTECTION AGENCY,7098
$100K-$150K,EQUAL EMPLOYMENT OPPORTUNITY COMMISSION,673
$100K-$150K,EXPORT-IMPORT BANK OF THE UNITED STATES,119
$100K-$150K,FARM CREDIT ADMINISTRATION,0
$100K-$150K,FARM CREDIT SYSTEM INSURANCE CORPORATION,0
$100K-$150K,FED MEDIATION AND CONCILIATION SERVICE,30
$100K-$150K,FED MINE SAFETY AND HEALTH REVIEW CMSN,8
$100K-$150K,FED RETIREMENT THRIFT INVESTMENT BOARD,72
$100K-$150K,FEDERAL COMMUNICATIONS COMMISSION,244
$100K-$150K,FEDERAL DEPOSIT INSURANCE CORPORATION,1104
$100K-$150K,FEDERAL ELECTION COMMISSION,83
$100K-$150K,FEDERAL FINANCIAL INST. EXAM. COUNCIL,6
$100K-$150K,FEDERAL HOUSING FINANCE AGENCY,78
$100K-$150K,FEDERAL LABOR RELATIONS AUTHORITY,15
$100K-$150K,FEDERAL MARITIME COMMISSION,32
$100K-$150K,FEDERAL PERMITTING IMPROVEMENT STEER,7
$100K-$150K,FEDERAL RESERVE SYSTEM,178
$100K-$150K,FEDERAL TRADE COMMISSION,145
$100K-$150K,GENERAL SERVICES ADMINISTRATION,5710
$100K-$150K,GOVERNMENT PUBLISHING OFFICE,832
$100K-$150K,GULF COAST ECOSYSTEM RESTORATION COUNCIL,13
$100K-$150K,HARRY S. TRUMAN SCHOLARSHIP FOUNDATION,1
$100K-$150K,INTER BOUND AND WATER COMM U.S. SECTION,61
$100K-$150K,INTER-AMERICAN FOUNDATION,11
$100K-$150K,INTERNAT BOUNDARY CMSN: U.S. AND CANADA,2
$100K-$150K,INTERNATIONAL JOINT CMSN: U.S. & CANADA,5
$100K-$150K,JAMES MADISON MEMORIAL FELLOWSHIP FOUND,0
$100K-$150K,JAPAN-UNITED STATES FRIENDSHIP CMSN,8
$100K-$150K,JUDICIAL BRANCH,88
$100K-$150K,MARINE MAMMAL COMMISSION,5
$100K-$150K,MEDICAID & CHIP PAYMENT & ACCESS COMM,6
$100K-$150K,MERIT SYSTEMS PROTECTION BOARD,28
$100K-$150K,MILLENNIUM CHALLENGE CORPORATION,45
$100K-$150K,MORRIS K. UDALL & STEWART L. UDALL FOUND,5
$100K-$150K,NAT AERONAUTICS AND SPACE ADMINISTRATION,6199
$100K-$150K,NAT ARCHIVES AND RECORDS ADMINISTRATION,667
$100K-$150K,NAT CMSN ON LIBRARIES AND INFO SCIENCE,17
$100K-$150K,NAT FOUNDATION ON ARTS AND HUMANITIES,82
$100K-$150K,NATIONAL CAPITAL PLANNING COMMISSION,14
$100K-$150K,NATIONAL COUNCIL ON DISABILITY,3
$100K-$150K,NATIONAL CREDIT UNION ADMINISTRATION,0
$100K-$150K,NATIONAL LABOR RELATIONS BOARD,310
$100K-$150K,NATIONAL MEDIATION BOARD,12
$100K-$150K,NATIONAL SCIENCE FOUNDATION,291
$100K-$150K,NATIONAL SECURITY COUNCIL,13
$100K-$150K,NATIONAL TRANSPORTATION SAFETY BOARD,82
$100K-$150K,NORTHERN BORDER REGIONAL COMMISSION,2
$100K-$150K,NUCLEAR REGULATORY COMMISSION,527
$100K-$150K,NUCLEAR WASTE TECHNICAL REVIEW BOARD,5
$100K-$150K,OCCUPATIONAL SAFETY & HEALTH REVIEW CMSN,5
$100K-$150K,OFC OF THE NAT CYBER DIR,4
$100K-$150K,OFFICE OF ADMINISTRATION,85
$100K-$150K,OFFICE OF GOVERNMENT ETHICS,24
$100K-$150K,OFFICE OF MANAGEMENT AND BUDGET,122
$100K-$150K,OFFICE OF NATIONAL DRUG CONTROL POLICY,10
$100K-$150K,OFFICE OF PERSONNEL MANAGEMENT,824
$100K-$150K,OFFICE OF SCIENCE AND TECHNOLOGY POLICY,10
$100K-$150K,OFFICE OF SPECIAL COUNSEL,29
$100K-$150K,OFFICE OF THE U.S. TRADE REPRESENTATIVE,31
$100K-$150K,PEACE CORPS,272
$100K-$150K,PENSION BENEFIT GUARANTY CORPORATION,280
$100K-$150K,PRESIDIO TRUST,140
$100K-$150K,PRIVACY AND CIVIL LIBERTIES OVERSIGHT,6
$100K-$150K,PUBLIC BUILDINGS REFORM BOARD,0
$100K-$150K,PUBLIC INTEREST DECLASSIFICATION BOARD,0
$100K-$150K,RAILROAD RETIREMENT BOARD,258
$100K-$150K,SECURITIES AND EXCHANGE COMMISSION,171
$100K-$150K,SELECTIVE SERVICE SYSTEM,65
$100K-$150K,SMALL BUSINESS ADMINISTRATION,1376
$100K-$150K,SMITHSONIAN INSTITUTION,1227
$100K-$150K,SOCIAL SECURITY ADMINISTRATION,18106
$100K-$150K,SOUTHWEST BORDER REGIONAL COMMISSION,0
$100K-$150K,SURFACE TRANSPORTATION BOARD,17
$100K-$150K,THE US SEMIQUINCENTENNIAL COMMISSION,2
$100K-$150K,TRADE AND DEVELOPMENT AGENCY,24
$100K-$150K,U.S. AGENCY FOR INTERNATIONAL DEV,96
$100K-$150K,U.S. CMSN ON INTERNATL RELIGIOUS FREEDOM,6
$100K-$150K,U.S. HOLOCAUST MEMORIAL MUSEUM,31
$100K-$150K,U.S. INTERAGENCY COUNCIL ON HOMELESSNESS,7
$100K-$150K,U.S. INTERNATIONAL TRADE COMMISSION,115
$100K-$150K,U.S.-CHINA ECONOMIC & SECURITY REV CMSN,4
$100K-$150K,U.S.AGENCY FOR GLOBAL MEDIA,562
$100K-$150K,UTAH RECLAMATN MITIGATN & CONSERVTN CMSN,4
$150K-$200K,ADMIN CONFERENCE OF THE UNITED STATES,2
$150K-$200K,ADV COUNCIL ON HISTORIC PRESERVATION,14
$150K-$200K,AFRICAN DEVELOPMENT FOUNDATION,4
$150K-$200K,AMERICAN BATTLE MONUMENTS COMMISSION,10
$150K-$200K,APPALACHIAN REGIONAL COMMISSION,1
$150K-$200K,ARCHITECTL & TRANS BARRIER COMPLIANCE BD,21
$150K-$200K,ARCTIC RESEARCH COMMISSION,1
$150K-$200K,ARMED FORCES RETIREMENT HOME,13
$150K-$200K,BARRY GOLDWATER SCHOL & EXCEL IN ED FOUN,1
$150K-$200K,CHEMICAL SAFETY/HAZARD INVESTIGATION BD,9
$150K-$200K,CIVIL RIGHTS COLD CASE REVIEW BOARD,5
$150K-$200K,CMSN FOR PRES OF AMERICA'S HERITAGE ABRD,1
$150K-$200K,CMTE FOR PURCH FRM PPLE BLIND OR SEV DIS,22
$150K-$200K,COMMISSION OF FINE ARTS,4
$150K-$200K,COMMISSION ON CIVIL RIGHTS,28
$150K-$200K,COMMODITY FUTURES TRADING COMMISSION,47
$150K-$200K,CONSUMER PRODUCT SAFETY COMMISSION,146
$150K-$200K,CORP FOR NATIONAL AND COMMUNITY SERVICE,87
$150K-$200K,COUNCIL OF ECONOMIC ADVISERS,1
$150K-$200K,COUNCIL OF INSP. GEN. ON INTEG.& EFFIC.,14
$150K-$200K,COUNCIL ON ENVIR QUAL/OFC OF ENVIR QUAL,13
$150K-$200K,COURT SERVICES AND OFFENDR SUPERVSN AGY,186
$150K-$200K,DEFENSE NUCLEAR FACILITIES SAFETY BOARD,44
$150K-$200K,DELTA REGIONAL AUTHORITY,1
$150K-$200K,DENALI COMMISSION,5
$150K-$200K,DEPARTMENT OF AGRICULTURE,4820
$150K-$200K,DEPARTMENT OF COMMERCE,15800
$150K-$200K,DEPARTMENT OF DEFENSE,0
$150K-$200K,DEPARTMENT OF EDUCATION,1044
$150K-$200K,DEPARTMENT OF ENERGY,5072
$150K-$200K,DEPARTMENT OF HEALTH AND HUMAN SERVICES,22683
$150K-$200K,DEPARTMENT OF HOMELAND SECURITY,13105
$150K-$200K,DEPARTMENT OF HOUSING AND URBAN DEVELOPM,2440
$150K-$200K,DEPARTMENT OF INTERIOR,5437
$150K-$200K,DEPARTMENT OF JUSTICE,8894
$150K-$200K,DEPARTMENT OF LABOR,2890
$150K-$200K,DEPARTMENT OF STATE,4172
$150K-$200K,DEPARTMENT OF THE AIR FORCE,0
$150K-$200K,DEPARTMENT OF THE ARMY,0
$150K-$200K,DEPARTMENT OF THE NAVY,0
$150K-$200K,DEPARTMENT OF TRANSPORTATION,16375
$150K-$200K,DEPARTMENT OF TREASURY,11004
$150K-$200K,DEPARTMENT OF VETERANS AFFAIRS,43517
$150K-$200K,DFC,316
$150K-$200K,ELECTION ASSISTANCE COMMISSION,14
$150K-$200K,ENVIRONMENTAL PROTECTION AGENCY,5210
$150K-$200K,EQUAL EMPLOYMENT OPPORTUNITY COMMISSION,459
$150K-$200K,EXPORT-IMPORT BANK OF THE UNITED STATES,156
$150K-$200K,FARM CREDIT ADMINISTRATION,1
$150K-$200K,FARM CREDIT SYSTEM INSURANCE CORPORATION,0
$150K-$200K,FED MEDIATION AND CONCILIATION SERVICE,54
$150K-$200K,FED MINE SAFETY AND HEALTH REVIEW CMSN,15
$150K-$200K,FED RETIREMENT THRIFT INVESTMENT BOARD,142
$150K-$200K,FEDERAL COMMUNICATIONS COMMISSION,899
$150K-$200K,FEDERAL DEPOSIT INSURANCE CORPORATION,1300
$150K-$200K,FEDERAL ELECTION COMMISSION,114
$150K-$200K,FEDERAL FINANCIAL INST. EXAM. COUNCIL,7
$150K-$200K,FEDERAL HOUSING FINANCE AGENCY,149
$150K-$200K,FEDERAL LABOR RELATIONS AUTHORITY,54
$150K-$200K,FEDERAL MARITIME COMMISSION,51
$150K-$200K,FEDERAL PERMITTING IMPROVEMENT STEER,12
$150K-$200K,FEDERAL RESERVE SYSTEM,444
$150K-$200K,FEDERAL TRADE COMMISSION,748
$150K-$200K,GENERAL SERVICES ADMINISTRATION,3099
$150K-$200K,GOVERNMENT PUBLISHING OFFICE,238
$150K-$200K,GULF COAST ECOSYSTEM RESTORATION COUNCIL,7
$150K-$200K,HARRY S. TRUMAN SCHOLARSHIP FOUNDATION,2
$150K-$200K,INTER BOUND AND WATER COMM U.S. SECTION,15
$150K-$200K,INTER-AMERICAN FOUNDATION,9
$150K-$200K,INTERNAT BOUNDARY CMSN: U.S. AND CANADA,2
$150K-$200K,INTERNATIONAL JOINT CMSN: U.S. & CANADA,13
$150K-$200K,JAMES MADISON MEMORIAL FELLOWSHIP FOUND,2
$150K-$200K,JAPAN-UNITED STATES FRIENDSHIP CMSN,2
$150K-$200K,JUDICIAL BRANCH,40
$150K-$200K,MARINE MAMMAL COMMISSION,14
$150K-$200K,MEDICAID & CHIP PAYMENT & ACCESS COMM,24
$150K-$200K,MERIT SYSTEMS PROTECTION BOARD,107
$150K-$200K,MILLENNIUM CHALLENGE CORPORATION,86
$150K-$200K,MORRIS K. UDALL & STEWART L. UDALL FOUND,9
$150K-$200K,NAT AERONAUTICS AND SPACE ADMINISTRATION,8330
$150K-$200K,NAT ARCHIVES AND RECORDS ADMINISTRATION,314
$150K-$200K,NAT CMSN ON LIBRARIES AND INFO SCIENCE,0
$150K-$200K,NAT FOUNDATION ON ARTS AND HUMANITIES,82
$150K-$200K,NATIONAL CAPITAL PLANNING COMMISSION,13
$150K-$200K,NATIONAL COUNCIL ON DISABILITY,14
$150K-$200K,NATIONAL CREDIT UNION ADMINISTRATION,0
$150K-$200K,NATIONAL LABOR RELATIONS BOARD,495
$150K-$200K,NATIONAL MEDIATION BOARD,16
$150K-$200K,NATIONAL SCIENCE FOUNDATION,366
$150K-$200K,NATIONAL SECURITY COUNCIL,13
$150K-$200K,NATIONAL TRANSPORTATION SAFETY BOARD,185
$150K-$200K,NORTHERN BORDER REGIONAL COMMISSION,0
$150K-$200K,NUCLEAR REGULATORY COMMISSION,1447
$150K-$200K,NUCLEAR WASTE TECHNICAL REVIEW BOARD,7
$150K-$200K,OCCUPATIONAL SAFETY & HEALTH REVIEW CMSN,15
$150K-$200K,OFC OF THE NAT CYBER DIR,24
$150K-$200K,OFFICE OF ADMINISTRATION,107
$150K-$200K,OFFICE OF GOVERNMENT ETHICS,33
$150K-$200K,OFFICE OF MANAGEMENT AND BUDGET,322
$150K-$200K,OFFICE OF NATIONAL DRUG CONTROL POLICY,32
$150K-$200K,OFFICE OF PERSONNEL MANAGEMENT,583
$150K-$200K,OFFICE OF SCIENCE AND TECHNOLOGY POLICY,8
$150K-$200K,OFFICE OF SPECIAL COUNSEL,68
$150K-$200K,OFFICE OF THE U.S. TRADE REPRESENTATIVE,153
$150K-$200K,PEACE CORPS,323
$150K-$200K,PENSION BENEFIT GUARANTY CORPORATION,491
$150K-$200K,PRESIDIO TRUST,61
$150K-$200K,PRIVACY AND CIVIL LIBERTIES OVERSIGHT,22
$150K-$200K,PUBLIC BUILDINGS REFORM BOARD,6
$150K-$200K,PUBLIC INTEREST DECLASSIFICATION BOARD,8
$150K-$200K,RAILROAD RETIREMENT BOARD,114
$150K-$200K,SECURITIES AND EXCHANGE COMMISSION,720
$150K-$200K,SELECTIVE SERVICE SYSTEM,36
$150K-$200K,SMALL BUSINESS ADMINISTRATION,665
$150K-$200K,SMITHSONIAN INSTITUTION,625
$150K-$200K,SOCIAL SECURITY ADMINISTRATION,3788
$150K-$200K,SOUTHWEST BORDER REGIONAL COMMISSION,1
$150K-$200K,SURFACE TRANSPORTATION BOARD,79
$150K-$200K,THE US SEMIQUINCENTENNIAL COMMISSION,4
$150K-$200K,TRADE AND DEVELOPMENT AGENCY,23
$150K-$200K,U.S. AGENCY FOR INTERNATIONAL DEV,202
$150K-$200K,U.S. CMSN ON INTERNATL RELIGIOUS FREEDOM,2
$150K-$200K,U.S. HOLOCAUST MEMORIAL MUSEUM,41
$150K-$200K,U.S. INTERAGENCY COUNCIL ON HOMELESSNESS,6
$150K-$200K,U.S. INTERNATIONAL TRADE COMMISSION,248
$150K-$200K,U.S.-CHINA ECONOMIC & SECURITY REV CMSN,15
$150K-$200K,U.S.AGENCY FOR GLOBAL MEDIA,237
$150K-$200K,UTAH RECLAMATN MITIGATN & CONSERVTN CMSN,3
$200K+,ADMIN CONFERENCE OF THE UNITED STATES,3
$200K+,ADV COUNCIL ON HISTORIC PRESERVATION,1
$200K+,AFRICAN DEVELOPMENT FOUNDATION,0
$200K+,AMERICAN BATTLE MONUMENTS COMMISSION,2
$200K+,APPALACHIAN REGIONAL COMMISSION,0
$200K+,ARCHITECTL & TRANS BARRIER COMPLIANCE BD,2
$200K+,ARCTIC RESEARCH COMMISSION,1
$200K+,ARMED FORCES RETIREMENT HOME,9
$200K+,BARRY GOLDWATER SCHOL & EXCEL IN ED FOUN,0
$200K+,CHEMICAL SAFETY/HAZARD INVESTIGATION BD,1
$200K+,CIVIL RIGHTS COLD CASE REVIEW BOARD,0
$200K+,CMSN FOR PRES OF AMERICA'S HERITAGE ABRD,0
$200K+,CMTE FOR PURCH FRM PPLE BLIND OR SEV DIS,2
$200K+,COMMISSION OF FINE ARTS,1
$200K+,COMMISSION ON CIVIL RIGHTS,0
$200K+,COMMODITY FUTURES TRADING COMMISSION,460
$200K+,CONSUMER PRODUCT SAFETY COMMISSION,12
$200K+,CORP FOR NATIONAL AND COMMUNITY SERVICE,20
$200K+,COUNCIL OF ECONOMIC ADVISERS,1
$200K+,COUNCIL OF INSP. GEN. ON INTEG.& EFFIC.,6
$200K+,COUNCIL ON ENVIR QUAL/OFC OF ENVIR QUAL,0
$200K+,COURT SERVICES AND OFFENDR SUPERVSN AGY,13
$200K+,DEFENSE NUCLEAR FACILITIES SAFETY BOARD,45
$200K+,DELTA REGIONAL AUTHORITY,0
$200K+,DENALI COMMISSION,1
$200K+,DEPARTMENT OF AGRICULTURE,279
$200K+,DEPARTMENT OF COMMERCE,674
$200K+,DEPARTMENT OF DEFENSE,0
$200K+,DEPARTMENT OF EDUCATION,87
$200K+,DEPARTMENT OF ENERGY,573
$200K+,DEPARTMENT OF HEALTH AND HUMAN SERVICES,4828
$200K+,DEPARTMENT OF HOMELAND SECURITY,783
$200K+,DEPARTMENT OF HOUSING AND URBAN DEVELOPM,85
$200K+,DEPARTMENT OF INTERIOR,262
$200K+,DEPARTMENT OF JUSTICE,1205
$200K+,DEPARTMENT OF LABOR,191
$200K+,DEPARTMENT OF STATE,141
$200K+,DEPARTMENT OF THE AIR FORCE,0
$200K+,DEPARTMENT OF THE ARMY,0
$200K+,DEPARTMENT OF THE NAVY,0
$200K+,DEPARTMENT OF TRANSPORTATION,5901
$200K+,DEPARTMENT OF TREASURY,1445
$200K+,DEPARTMENT OF VETERANS AFFAIRS,38639
$200K+,DFC,18
$200K+,ELECTION ASSISTANCE COMMISSION,1
$200K+,ENVIRONMENTAL PROTECTION AGENCY,288
$200K+,EQUAL EMPLOYMENT OPPORTUNITY COMMISSION,32
$200K+,EXPORT-IMPORT BANK OF THE UNITED STATES,34
$200K+,FARM CREDIT ADMINISTRATION,29
$200K+,FARM CREDIT SYSTEM INSURANCE CORPORATION,5
$200K+,FED MEDIATION AND CONCILIATION SERVICE,0
$200K+,FED MINE SAFETY AND HEALTH REVIEW CMSN,7
$200K+,FED RETIREMENT THRIFT INVESTMENT BOARD,12
$200K+,FEDERAL COMMUNICATIONS COMMISSION,39
$200K+,FEDERAL DEPOSIT INSURANCE CORPORATION,2380
$200K+,FEDERAL ELECTION COMMISSION,7
$200K+,FEDERAL FINANCIAL INST. EXAM. COUNCIL,0
$200K+,FEDERAL HOUSING FINANCE AGENCY,319
$200K+,FEDERAL LABOR RELATIONS AUTHORITY,10
$200K+,FEDERAL MARITIME COMMISSION,10
$200K+,FEDERAL PERMITTING IMPROVEMENT STEER,0
$200K+,FEDERAL RESERVE SYSTEM,619
$200K+,FEDERAL TRADE COMMISSION,30
$200K+,GENERAL SERVICES ADMINISTRATION,97
$200K+,GOVERNMENT PUBLISHING OFFICE,18
$200K+,GULF COAST ECOSYSTEM RESTORATION COUNCIL,2
$200K+,HARRY S. TRUMAN SCHOLARSHIP FOUNDATION,0
$200K+,INTER BOUND AND WATER COMM U.S. SECTION,0
$200K+,INTER-AMERICAN FOUNDATION,0
$200K+,INTERNAT BOUNDARY CMSN: U.S. AND CANADA,0
$200K+,INTERNATIONAL JOINT CMSN: U.S. & CANADA,0
$200K+,JAMES MADISON MEMORIAL FELLOWSHIP FOUND,0
$200K+,JAPAN-UNITED STATES FRIENDSHIP CMSN,1
$200K+,JUDICIAL BRANCH,1
$200K+,MARINE MAMMAL COMMISSION,1
$200K+,MEDICAID & CHIP PAYMENT & ACCESS COMM,5
$200K+,MERIT SYSTEMS PROTECTION BOARD,9
$200K+,MILLENNIUM CHALLENGE CORPORATION,99
$200K+,MORRIS K. UDALL & STEWART L. UDALL FOUND,1
$200K+,NAT AERONAUTICS AND SPACE ADMINISTRATION,553
$200K+,NAT ARCHIVES AND RECORDS ADMINISTRATION,20
$200K+,NAT CMSN ON LIBRARIES AND INFO SCIENCE,0
$200K+,NAT FOUNDATION ON ARTS AND HUMANITIES,8
$200K+,NATIONAL CAPITAL PLANNING COMMISSION,1
$200K+,NATIONAL COUNCIL ON DISABILITY,0
$200K+,NATIONAL CREDIT UNION ADMINISTRATION,2
$200K+,NATIONAL LABOR RELATIONS BOARD,77
$200K+,NATIONAL MEDIATION BOARD,1
$200K+,NATIONAL SCIENCE FOUNDATION,408
$200K+,NATIONAL SECURITY COUNCIL,0
$200K+,NATIONAL TRANSPORTATION SAFETY BOARD,23
$200K+,NORTHERN BORDER REGIONAL COMMISSION,0
$200K+,NUCLEAR REGULATORY COMMISSION,119
$200K+,NUCLEAR WASTE TECHNICAL REVIEW BOARD,1
$200K+,OCCUPATIONAL SAFETY & HEALTH REVIEW CMSN,13
$200K+,OFC OF THE NAT CYBER DIR,0
$200K+,OFFICE OF ADMINISTRATION,0
$200K+,OFFICE OF GOVERNMENT ETHICS,2
$200K+,OFFICE OF MANAGEMENT AND BUDGET,45
$200K+,OFFICE OF NATIONAL DRUG CONTROL POLICY,5
$200K+,OFFICE OF PERSONNEL MANAGEMENT,70
$200K+,OFFICE OF SCIENCE AND TECHNOLOGY POLICY,0
$200K+,OFFICE OF SPECIAL COUNSEL,4
$200K+,OFFICE OF THE U.S. TRADE REPRESENTATIVE,16
$200K+,PEACE CORPS,14
$200K+,PENSION BENEFIT GUARANTY CORPORATION,32
$200K+,PRESIDIO TRUST,20
$200K+,PRIVACY AND CIVIL LIBERTIES OVERSIGHT,0
$200K+,PUBLIC BUILDINGS REFORM BOARD,0
$200K+,PUBLIC INTEREST DECLASSIFICATION BOARD,0
$200K+,RAILROAD RETIREMENT BOARD,8
$200K+,SECURITIES AND EXCHANGE COMMISSION,3069
$200K+,SELECTIVE SERVICE SYSTEM,1
$200K+,SMALL BUSINESS ADMINISTRATION,35
$200K+,SMITHSONIAN INSTITUTION,90
$200K+,SOCIAL SECURITY ADMINISTRATION,1087
$200K+,SOUTHWEST BORDER REGIONAL COMMISSION,0
$200K+,SURFACE TRANSPORTATION BOARD,4
$200K+,THE US SEMIQUINCENTENNIAL COMMISSION,0
$200K+,TRADE AND DEVELOPMENT AGENCY,1
$200K+,U.S. AGENCY FOR INTERNATIONAL DEV,21
$200K+,U.S. CMSN ON INTERNATL RELIGIOUS FREEDOM,1
$200K+,U.S. HOLOCAUST MEMORIAL MUSEUM,1
$200K+,U.S. INTERAGENCY COUNCIL ON HOMELESSNESS,0
$200K+,U.S. INTERNATIONAL TRADE COMMISSION,16
$200K+,U.S.-CHINA ECONOMIC & SECURITY REV CMSN,1
$200K+,U.S.AGENCY FOR GLOBAL MEDIA,6
$200K+,UTAH RECLAMATN MITIGATN & CONSERVTN CMSN,0
$40K-$60K,ADMIN CONFERENCE OF THE UNITED STATES,0
$40K-$60K,ADV COUNCIL ON HISTORIC PRESERVATION,0
$40K-$60K,AFRICAN DEVELOPMENT FOUNDATION,0
$40K-$60K,AMERICAN BATTLE MONUMENTS COMMISSION,0
$40K-$60K,APPALACHIAN REGIONAL COMMISSION,0
$40K-$60K,ARCHITECTL & TRANS BARRIER COMPLIANCE BD,0
$40K-$60K,ARCTIC RESEARCH COMMISSION,0
$40K-$60K,ARMED FORCES RETIREMENT HOME,124
$40K-$60K,BARRY GOLDWATER SCHOL & EXCEL IN ED FOUN,0
$40K-$60K,CHEMICAL SAFETY/HAZARD INVESTIGATION BD,0
$40K-$60K,CIVIL RIGHTS COLD CASE REVIEW BOARD,0
$40K-$60K,CMSN FOR PRES OF AMERICA'S HERITAGE ABRD,0
$40K-$60K,CMTE FOR PURCH FRM PPLE BLIND OR SEV DIS,0
$40K-$60K,COMMISSION OF FINE ARTS,0
$40K-$60K,COMMISSION ON CIVIL RIGHTS,0
$40K-$60K,COMMODITY FUTURES TRADING COMMISSION,0
$40K-$60K,CONSUMER PRODUCT SAFETY COMMISSION,4
$40K-$60K,CORP FOR NATIONAL AND COMMUNITY SERVICE,12
$40K-$60K,COUNCIL OF ECONOMIC ADVISERS,4
$40K-$60K,COUNCIL OF INSP. GEN. ON INTEG.& EFFIC.,1
$40K-$60K,COUNCIL ON ENVIR QUAL/OFC OF ENVIR QUAL,0
$40K-$60K,COURT SERVICES AND OFFENDR SUPERVSN AGY,12
$40K-$60K,DEFENSE NUCLEAR FACILITIES SAFETY BOARD,0
$40K-$60K,DELTA REGIONAL AUTHORITY,0
$40K-$60K,DENALI COMMISSION,0
$40K-$60K,DEPARTMENT OF AGRICULTURE,11451
$40K-$60K,DEPARTMENT OF COMMERCE,4675
$40K-$60K,DEPARTMENT OF DEFENSE,0
$40K-$60K,DEPARTMENT OF EDUCATION,21
$40K-$60K,DEPARTMENT OF ENERGY,59
$40K-$60K,DEPARTMENT OF HEALTH AND HUMAN SERVICES,5267
$40K-$60K,DEPARTMENT OF HOMELAND SECURITY,3391
$40K-$60K,DEPARTMENT OF HOUSING AND URBAN DEVELOPM,23
$40K-$60K,DEPARTMENT OF INTERIOR,9526
$40K-$60K,DEPARTMENT OF JUSTICE,932
$40K-$60K,DEPARTMENT OF LABOR,238
$40K-$60K,DEPARTMENT OF STATE,230
$40K-$60K,DEPARTMENT OF THE AIR FORCE,0
$40K-$60K,DEPARTMENT OF THE ARMY,0
$40K-$60K,DEPARTMENT OF THE NAVY,0
$40K-$60K,DEPARTMENT OF TRANSPORTATION,1406
$40K-$60K,DEPARTMENT OF TREASURY,23492
$40K-$60K,DEPARTMENT OF VETERANS AFFAIRS,81973
$40K-$60K,DFC,0
$40K-$60K,ELECTION ASSISTANCE COMMISSION,0
$40K-$60K,ENVIRONMENTAL PROTECTION AGENCY,148
$40K-$60K,EQUAL EMPLOYMENT OPPORTUNITY COMMISSION,105
$40K-$60K,EXPORT-IMPORT BANK OF THE UNITED STATES,1
$40K-$60K,FARM CREDIT ADMINISTRATION,0
$40K-$60K,FARM CREDIT SYSTEM INSURANCE CORPORATION,0
$40K-$60K,FED MEDIATION AND CONCILIATION SERVICE,0
$40K-$60K,FED MINE SAFETY AND HEALTH REVIEW CMSN,0
$40K-$60K,FED RETIREMENT THRIFT INVESTMENT BOARD,1
$40K-$60K,FEDERAL COMMUNICATIONS COMMISSION,5
$40K-$60K,FEDERAL DEPOSIT INSURANCE CORPORATION,33
$40K-$60K,FEDERAL ELECTION COMMISSION,1
$40K-$60K,FEDERAL FINANCIAL INST. EXAM. COUNCIL,0
$40K-$60K,FEDERAL HOUSING FINANCE AGENCY,1
$40K-$60K,FEDERAL LABOR RELATIONS AUTHORITY,0
$40K-$60K,FEDERAL MARITIME COMMISSION,0
$40K-$60K,FEDERAL PERMITTING IMPROVEMENT STEER,0
$40K-$60K,FEDERAL RESERVE SYSTEM,0
$40K-$60K,FEDERAL TRADE COMMISSION,8
$40K-$60K,GENERAL SERVICES ADMINISTRATION,51
$40K-$60K,GOVERNMENT PUBLISHING OFFICE,57
$40K-$60K,GULF COAST ECOSYSTEM RESTORATION COUNCIL,0
$40K-$60K,HARRY S. TRUMAN SCHOLARSHIP FOUNDATION,1
$40K-$60K,INTER BOUND AND WATER COMM U.S. SECTION,40
$40K-$60K,INTER-AMERICAN FOUNDATION,0
$40K-$60K,INTERNAT BOUNDARY CMSN: U.S. AND CANADA,5
$40K-$60K,INTERNATIONAL JOINT CMSN: U.S. & CANADA,0
$40K-$60K,JAMES MADISON MEMORIAL FELLOWSHIP FOUND,0
$40K-$60K,JAPAN-UNITED STATES FRIENDSHIP CMSN,0
$40K-$60K,JUDICIAL BRANCH,0
$40K-$60K,MARINE MAMMAL COMMISSION,0
$40K-$60K,MEDICAID & CHIP PAYMENT & ACCESS COMM,0
$40K-$60K,MERIT SYSTEMS PROTECTION BOARD,0
$40K-$60K,MILLENNIUM CHALLENGE CORPORATION,0
$40K-$60K,MORRIS K. UDALL & STEWART L. UDALL FOUND,0
$40K-$60K,NAT AERONAUTICS AND SPACE ADMINISTRATION,135
$40K-$60K,NAT ARCHIVES AND RECORDS ADMINISTRATION,775
$40K-$60K,NAT CMSN ON LIBRARIES AND INFO SCIENCE,0
$40K-$60K,NAT FOUNDATION ON ARTS AND HUMANITIES,2
$40K-$60K,NATIONAL CAPITAL PLANNING COMMISSION,0
$40K-$60K,NATIONAL COUNCIL ON DISABILITY,0
$40K-$60K,NATIONAL CREDIT UNION ADMINISTRATION,0
$40K-$60K,NATIONAL LABOR RELATIONS BOARD,12
$40K-$60K,NATIONAL MEDIATION BOARD,0
$40K-$60K,NATIONAL SCIENCE FOUNDATION,23
$40K-$60K,NATIONAL SECURITY COUNCIL,1
$40K-$60K,NATIONAL TRANSPORTATION SAFETY BOARD,1
$40K-$60K,NORTHERN BORDER REGIONAL COMMISSION,0
$40K-$60K,NUCLEAR REGULATORY COMMISSION,37
$40K-$60K,NUCLEAR WASTE TECHNICAL REVIEW BOARD,0
$40K-$60K,OCCUPATIONAL SAFETY & HEALTH REVIEW CMSN,0
$40K-$60K,OFC OF THE NAT CYBER DIR,0
$40K-$60K,OFFICE OF ADMINISTRATION,8
$40K-$60K,OFFICE OF GOVERNMENT ETHICS,0
$40K-$60K,OFFICE OF MANAGEMENT AND BUDGET,4
$40K-$60K,OFFICE OF NATIONAL DRUG CONTROL POLICY,0
$40K-$60K,OFFICE OF PERSONNEL MANAGEMENT,244
$40K-$60K,OFFICE OF SCIENCE AND TECHNOLOGY POLICY,0
$40K-$60K,OFFICE OF SPECIAL COUNSEL,1
$40K-$60K,OFFICE OF THE U.S. TRADE REPRESENTATIVE,0
$40K-$60K,PEACE CORPS,7
$40K-$60K,PENSION BENEFIT GUARANTY CORPORATION,6
$40K-$60K,PRESIDIO TRUST,2
$40K-$60K,PRIVACY AND CIVIL LIBERTIES OVERSIGHT,0
$40K-$60K,PUBLIC BUILDINGS REFORM BOARD,0
$40K-$60K,PUBLIC INTEREST DECLASSIFICATION BOARD,0
$40K-$60K,RAILROAD RETIREMENT BOARD,32
$40K-$60K,SECURITIES AND EXCHANGE COMMISSION,0
$40K-$60K,SELECTIVE SERVICE SYSTEM,4
$40K-$60K,SMALL BUSINESS ADMINISTRATION,144
$40K-$60K,SMITHSONIAN INSTITUTION,640
$40K-$60K,SOCIAL SECURITY ADMINISTRATION,3564
$40K-$60K,SOUTHWEST BORDER REGIONAL COMMISSION,0
$40K-$60K,SURFACE TRANSPORTATION BOARD,1
$40K-$60K,THE US SEMIQUINCENTENNIAL COMMISSION,0
$40K-$60K,TRADE AND DEVELOPMENT AGENCY,0
$40K-$60K,U.S. AGENCY FOR INTERNATIONAL DEV,0
$40K-$60K,U.S. CMSN ON INTERNATL RELIGIOUS FREEDOM,0
$40K-$60K,U.S. HOLOCAUST MEMORIAL MUSEUM,6
$40K-$60K,U.S. INTERAGENCY COUNCIL ON HOMELESSNESS,0
$40K-$60K,U.S. INTERNATIONAL TRADE COMMISSION,5
$40K-$60K,U.S.-CHINA ECONOMIC & SECURITY REV CMSN,2
$40K-$60K,U.S.AGENCY FOR GLOBAL MEDIA,0
$40K-$60K,UTAH RECLAMATN MITIGATN & CONSERVTN CMSN,1
$60K-$80K,ADMIN CONFERENCE OF THE UNITED STATES,0
$60K-$80K,ADV COUNCIL ON HISTORIC PRESERVATION,1
$60K-$80K,AFRICAN DEVELOPMENT FOUNDATION,1
$60K-$80K,AMERICAN BATTLE MONUMENTS COMMISSION,9
$60K-$80K,APPALACHIAN REGIONAL COMMISSION,0
$60K-$80K,ARCHITECTL & TRANS BARRIER COMPLIANCE BD,1
$60K-$80K,ARCTIC RESEARCH COMMISSION,0
$60K-$80K,ARMED FORCES RETIREMENT HOME,67
$60K-$80K,BARRY GOLDWATER SCHOL & EXCEL IN ED FOUN,0
$60K-$80K,CHEMICAL SAFETY/HAZARD INVESTIGATION BD,0
$60K-$80K,CIVIL RIGHTS COLD CASE REVIEW BOARD,0
$60K-$80K,CMSN FOR PRES OF AMERICA'S HERITAGE ABRD,0
$60K-$80K,CMTE FOR PURCH FRM PPLE BLIND OR SEV DIS,0
$60K-$80K,COMMISSION OF FINE ARTS,0
$60K-$80K,COMMISSION ON CIVIL RIGHTS,9
$60K-$80K,COMMODITY FUTURES TRADING COMMISSION,0
$60K-$80K,CONSUMER PRODUCT SAFETY COMMISSION,2
$60K-$80K,CORP FOR NATIONAL AND COMMUNITY SERVICE,30
$60K-$80K,COUNCIL OF ECONOMIC ADVISERS,8
$60K-$80K,COUNCIL OF INSP. GEN. ON INTEG.& EFFIC.,0
$60K-$80K,COUNCIL ON ENVIR QUAL/OFC OF ENVIR QUAL,0
$60K-$80K,COURT SERVICES AND OFFENDR SUPERVSN AGY,76
$60K-$80K,DEFENSE NUCLEAR FACILITIES SAFETY BOARD,0
$60K-$80K,DELTA REGIONAL AUTHORITY,0
$60K-$80K,DENALI COMMISSION,1
$60K-$80K,DEPARTMENT OF AGRICULTURE,21507
$60K-$80K,DEPARTMENT OF COMMERCE,1505
$60K-$80K,DEPARTMENT OF DEFENSE,0
$60K-$80K,DEPARTMENT OF EDUCATION,41
$60K-$80K,DEPARTMENT OF ENERGY,296
$60K-$80K,DEPARTMENT OF HEALTH AND HUMAN SERVICES,5691
$60K-$80K,DEPARTMENT OF HOMELAND SECURITY,8529
$60K-$80K,DEPARTMENT OF HOUSING AND URBAN DEVELOPM,144
$60K-$80K,DEPARTMENT OF INTERIOR,12175
$60K-$80K,DEPARTMENT OF JUSTICE,5535
$60K-$80K,DEPARTMENT OF LABOR,683
$60K-$80K,DEPARTMENT OF STATE,625
$60K-$80K,DEPARTMENT OF THE AIR FORCE,0
$60K-$80K,DEPARTMENT OF THE ARMY,0
$60K-$80K,DEPARTMENT OF THE NAVY,0
$60K-$80K,DEPARTMENT OF TRANSPORTATION,2516
$60K-$80K,DEPARTMENT OF TREASURY,18158
$60K-$80K,DEPARTMENT OF VETERANS AFFAIRS,83648
$60K-$80K,DFC,9
$60K-$80K,ELECTION ASSISTANCE COMMISSION,3
$60K-$80K,ENVIRONMENTAL PROTECTION AGENCY,452
$60K-$80K,EQUAL EMPLOYMENT OPPORTUNITY COMMISSION,130
$60K-$80K,EXPORT-IMPORT BANK OF THE UNITED STATES,8
$60K-$80K,FARM CREDIT ADMINISTRATION,0
$60K-$80K,FARM CREDIT SYSTEM INSURANCE CORPORATION,0
$60K-$80K,FED MEDIATION AND CONCILIATION SERVICE,2
$60K-$80K,FED MINE SAFETY AND HEALTH REVIEW CMSN,4
$60K-$80K,FED RETIREMENT THRIFT INVESTMENT BOARD,4
$60K-$80K,FEDERAL COMMUNICATIONS COMMISSION,10
$60K-$80K,FEDERAL DEPOSIT INSURANCE CORPORATION,289
$60K-$80K,FEDERAL ELECTION COMMISSION,14
$60K-$80K,FEDERAL FINANCIAL INST. EXAM. COUNCIL,0
$60K-$80K,FEDERAL HOUSING FINANCE AGENCY,13
$60K-$80K,FEDERAL LABOR RELATIONS AUTHORITY,1
$60K-$80K,FEDERAL MARITIME COMMISSION,3
$60K-$80K,FEDERAL PERMITTING IMPROVEMENT STEER,0
$60K-$80K,FEDERAL RESERVE SYSTEM,3
$60K-$80K,FEDERAL TRADE COMMISSION,28
$60K-$80K,GENERAL SERVICES ADMINISTRATION,296
$60K-$80K,GOVERNMENT PUBLISHING OFFICE,272
$60K-$80K,GULF COAST ECOSYSTEM RESTORATION COUNCIL,0
$60K-$80K,HARRY S. TRUMAN SCHOLARSHIP FOUNDATION,1
$60K-$80K,INTER BOUND AND WATER COMM U.S. SECTION,98
$60K-$80K,INTER-AMERICAN FOUNDATION,2
$60K-$80K,INTERNAT BOUNDARY CMSN: U.S. AND CANADA,2
$60K-$80K,INTERNATIONAL JOINT CMSN: U.S. & CANADA,0
$60K-$80K,JAMES MADISON MEMORIAL FELLOWSHIP FOUND,1
$60K-$80K,JAPAN-UNITED STATES FRIENDSHIP CMSN,0
$60K-$80K,JUDICIAL BRANCH,12
$60K-$80K,MARINE MAMMAL COMMISSION,1
$60K-$80K,MEDICAID & CHIP PAYMENT & ACCESS COMM,6
$60K-$80K,MERIT SYSTEMS PROTECTION BOARD,1
$60K-$80K,MILLENNIUM CHALLENGE CORPORATION,0
$60K-$80K,MORRIS K. UDALL & STEWART L. UDALL FOUND,1
$60K-$80K,NAT AERONAUTICS AND SPACE ADMINISTRATION,353
$60K-$80K,NAT ARCHIVES AND RECORDS ADMINISTRATION,332
$60K-$80K,NAT CMSN ON LIBRARIES AND INFO SCIENCE,0
$60K-$80K,NAT FOUNDATION ON ARTS AND HUMANITIES,27
$60K-$80K,NATIONAL CAPITAL PLANNING COMMISSION,1
$60K-$80K,NATIONAL COUNCIL ON DISABILITY,0
$60K-$80K,NATIONAL CREDIT UNION ADMINISTRATION,0
$60K-$80K,NATIONAL LABOR RELATIONS BOARD,110
$60K-$80K,NATIONAL MEDIATION BOARD,1
$60K-$80K,NATIONAL SCIENCE FOUNDATION,33
$60K-$80K,NATIONAL SECURITY COUNCIL,0
$60K-$80K,NATIONAL TRANSPORTATION SAFETY BOARD,5
$60K-$80K,NORTHERN BORDER REGIONAL COMMISSION,0
$60K-$80K,NUCLEAR REGULATORY COMMISSION,83
$60K-$80K,NUCLEAR WASTE TECHNICAL REVIEW BOARD,0
$60K-$80K,OCCUPATIONAL SAFETY & HEALTH REVIEW CMSN,5
$60K-$80K,OFC OF THE NAT CYBER DIR,2
$60K-$80K,OFFICE OF ADMINISTRATION,34
$60K-$80K,OFFICE OF GOVERNMENT ETHICS,0
$60K-$80K,OFFICE OF MANAGEMENT AND BUDGET,10
$60K-$80K,OFFICE OF NATIONAL DRUG CONTROL POLICY,6
$60K-$80K,OFFICE OF PERSONNEL MANAGEMENT,248
$60K-$80K,OFFICE OF SCIENCE AND TECHNOLOGY POLICY,0
$60K-$80K,OFFICE OF SPECIAL COUNSEL,2
$60K-$80K,OFFICE OF THE U.S. TRADE REPRESENTATIVE,4
$60K-$80K,PEACE CORPS,32
$60K-$80K,PENSION BENEFIT GUARANTY CORPORATION,17
$60K-$80K,PRESIDIO TRUST,26
$60K-$80K,PRIVACY AND CIVIL LIBERTIES OVERSIGHT,0
$60K-$80K,PUBLIC BUILDINGS REFORM BOARD,0
$60K-$80K,PUBLIC INTEREST DECLASSIFICATION BOARD,0
$60K-$80K,RAILROAD RETIREMENT BOARD,117
$60K-$80K,SECURITIES AND EXCHANGE COMMISSION,7
$60K-$80K,SELECTIVE SERVICE SYSTEM,26
$60K-$80K,SMALL BUSINESS ADMINISTRATION,2092
$60K-$80K,SMITHSONIAN INSTITUTION,904
$60K-$80K,SOCIAL SECURITY ADMINISTRATION,11085
$60K-$80K,SOUTHWEST BORDER REGIONAL COMMISSION,0
$60K-$80K,SURFACE TRANSPORTATION BOARD,0
$60K-$80K,THE US SEMIQUINCENTENNIAL COMMISSION,0
$60K-$80K,TRADE AND DEVELOPMENT AGENCY,0
$60K-$80K,U.S. AGENCY FOR INTERNATIONAL DEV,2
$60K-$80K,U.S. CMSN ON INTERNATL RELIGIOUS FREEDOM,7
$60K-$80K,U.S. HOLOCAUST MEMORIAL MUSEUM,6
$60K-$80K,U.S. INTERAGENCY COUNCIL ON HOMELESSNESS,0
$60K-$80K,U.S. INTERNATIONAL TRADE COMMISSION,10
$60K-$80K,U.S.-CHINA ECONOMIC & SECURITY REV CMSN,5
$60K-$80K,U.S.AGENCY FOR GLOBAL MEDIA,1
$60K-$80K,UTAH RECLAMATN MITIGATN & CONSERVTN CMSN,2
$80K-$100K,ADMIN CONFERENCE OF THE UNITED STATES,1
$80K-$100K,ADV COUNCIL ON HISTORIC PRESERVATION,0
$80K-$100K,AFRICAN DEVELOPMENT FOUNDATION,8
$80K-$100K,AMERICAN BATTLE MONUMENTS COMMISSION,25
$80K-$100K,APPALACHIAN REGIONAL COMMISSION,0
$80K-$100K,ARCHITECTL & TRANS BARRIER COMPLIANCE BD,3
$80K-$100K,ARCTIC RESEARCH COMMISSION,0
$80K-$100K,ARMED FORCES RETIREMENT HOME,24
$80K-$100K,BARRY GOLDWATER SCHOL & EXCEL IN ED FOUN,0
$80K-$100K,CHEMICAL SAFETY/HAZARD INVESTIGATION BD,5
$80K-$100K,CIVIL RIGHTS COLD CASE REVIEW BOARD,0
$80K-$100K,CMSN FOR PRES OF AMERICA'S HERITAGE ABRD,0
$80K-$100K,CMTE FOR PURCH FRM PPLE BLIND OR SEV DIS,2
$80K-$100K,COMMISSION OF FINE ARTS,0
$80K-$100K,COMMISSION ON CIVIL RIGHTS,6
$80K-$100K,COMMODITY FUTURES TRADING COMMISSION,0
$80K-$100K,CONSUMER PRODUCT SAFETY COMMISSION,8
$80K-$100K,CORP FOR NATIONAL AND COMMUNITY SERVICE,110
$80K-$100K,COUNCIL OF ECONOMIC ADVISERS,1
$80K-$100K,COUNCIL OF INSP. GEN. ON INTEG.& EFFIC.,0
$80K-$100K,COUNCIL ON ENVIR QUAL/OFC OF ENVIR QUAL,2
$80K-$100K,COURT SERVICES AND OFFENDR SUPERVSN AGY,89
$80K-$100K,DEFENSE NUCLEAR FACILITIES SAFETY BOARD,0
$80K-$100K,DELTA REGIONAL AUTHORITY,0
$80K-$100K,DENALI COMMISSION,0
$80K-$100K,DEPARTMENT OF AGRICULTURE,14309
$80K-$100K,DEPARTMENT OF COMMERCE,3932
$80K-$100K,DEPARTMENT OF DEFENSE,0
$80K-$100K,DEPARTMENT OF EDUCATION,176
$80K-$100K,DEPARTMENT OF ENERGY,580
$80K-$100K,DEPARTMENT OF HEALTH AND HUMAN SERVICES,6334
$80K-$100K,DEPARTMENT OF HOMELAND SECURITY,8637
$80K-$100K,DEPARTMENT OF HOUSING AND URBAN DEVELOPM,355
$80K-$100K,DEPARTMENT OF INTERIOR,10830
$80K-$100K,DEPARTMENT OF JUSTICE,9035
$80K-$100K,DEPARTMENT OF LABOR,1381
$80K-$100K,DEPARTMENT OF STATE,1209
$80K-$100K,DEPARTMENT OF THE AIR FORCE,0
$80K-$100K,DEPARTMENT OF THE ARMY,0
$80K-$100K,DEPARTMENT OF THE NAVY,0
$80K-$100K,DEPARTMENT OF TRANSPORTATION,5723
$80K-$100K,DEPARTMENT OF TREASURY,7306
$80K-$100K,DEPARTMENT OF VETERANS AFFAIRS,62688
$80K-$100K,DFC,37
$80K-$100K,ELECTION ASSISTANCE COMMISSION,12
$80K-$100K,ENVIRONMENTAL PROTECTION AGENCY,1276
$80K-$100K,EQUAL EMPLOYMENT OPPORTUNITY COMMISSION,264
$80K-$100K,EXPORT-IMPORT BANK OF THE UNITED STATES,9
$80K-$100K,FARM CREDIT ADMINISTRATION,0
$80K-$100K,FARM CREDIT SYSTEM INSURANCE CORPORATION,0
$80K-$100K,FED MEDIATION AND CONCILIATION SERVICE,5
$80K-$100K,FED MINE SAFETY AND HEALTH REVIEW CMSN,11
$80K-$100K,FED RETIREMENT THRIFT INVESTMENT BOARD,4
$80K-$100K,FEDERAL COMMUNICATIONS COMMISSION,45
$80K-$100K,FEDERAL DEPOSIT INSURANCE CORPORATION,475
$80K-$100K,FEDERAL ELECTION COMMISSION,31
$80K-$100K,FEDERAL FINANCIAL INST. EXAM. COUNCIL,1
$80K-$100K,FEDERAL HOUSING FINANCE AGENCY,16
$80K-$100K,FEDERAL LABOR RELATIONS AUTHORITY,3
$80K-$100K,FEDERAL MARITIME COMMISSION,8
$80K-$100K,FEDERAL PERMITTING IMPROVEMENT STEER,1
$80K-$100K,FEDERAL RESERVE SYSTEM,21
$80K-$100K,FEDERAL TRADE COMMISSION,16
$80K-$100K,GENERAL SERVICES ADMINISTRATION,880
$80K-$100K,GOVERNMENT PUBLISHING OFFICE,160
$80K-$100K,GULF COAST ECOSYSTEM RESTORATION COUNCIL,1
$80K-$100K,HARRY S. TRUMAN SCHOLARSHIP FOUNDATION,0
$80K-$100K,INTER BOUND AND WATER COMM U.S. SECTION,41
$80K-$100K,INTER-AMERICAN FOUNDATION,2
$80K-$100K,INTERNAT BOUNDARY CMSN: U.S. AND CANADA,2
$80K-$100K,INTERNATIONAL JOINT CMSN: U.S. & CANADA,0
$80K-$100K,JAMES MADISON MEMORIAL FELLOWSHIP FOUND,2
$80K-$100K,JAPAN-UNITED STATES FRIENDSHIP CMSN,1
$80K-$100K,JUDICIAL BRANCH,28
$80K-$100K,MARINE MAMMAL COMMISSION,2
$80K-$100K,MEDICAID & CHIP PAYMENT & ACCESS COMM,7
$80K-$100K,MERIT SYSTEMS PROTECTION BOARD,15
$80K-$100K,MILLENNIUM CHALLENGE CORPORATION,5
$80K-$100K,MORRIS K. UDALL & STEWART L. UDALL FOUND,8
$80K-$100K,NAT AERONAUTICS AND SPACE ADMINISTRATION,702
$80K-$100K,NAT ARCHIVES AND RECORDS ADMINISTRATION,263
$80K-$100K,NAT CMSN ON LIBRARIES AND INFO SCIENCE,0
$80K-$100K,NAT FOUNDATION ON ARTS AND HUMANITIES,8
$80K-$100K,NATIONAL CAPITAL PLANNING COMMISSION,0
$80K-$100K,NATIONAL COUNCIL ON DISABILITY,1
$80K-$100K,NATIONAL CREDIT UNION ADMINISTRATION,0
$80K-$100K,NATIONAL LABOR RELATIONS BOARD,92
$80K-$100K,NATIONAL MEDIATION BOARD,3
$80K-$100K,NATIONAL SCIENCE FOUNDATION,75
$80K-$100K,NATIONAL SECURITY COUNCIL,1
$80K-$100K,NATIONAL TRANSPORTATION SAFETY BOARD,12
$80K-$100K,NORTHERN BORDER REGIONAL COMMISSION,0
$80K-$100K,NUCLEAR REGULATORY COMMISSION,134
$80K-$100K,NUCLEAR WASTE TECHNICAL REVIEW BOARD,0
$80K-$100K,OCCUPATIONAL SAFETY & HEALTH REVIEW CMSN,3
$80K-$100K,OFC OF THE NAT CYBER DIR,0
$80K-$100K,OFFICE OF ADMINISTRATION,22
$80K-$100K,OFFICE OF GOVERNMENT ETHICS,3
$80K-$100K,OFFICE OF MANAGEMENT AND BUDGET,12
$80K-$100K,OFFICE OF NATIONAL DRUG CONTROL POLICY,2
$80K-$100K,OFFICE OF PERSONNEL MANAGEMENT,273
$80K-$100K,OFFICE OF SCIENCE AND TECHNOLOGY POLICY,3
$80K-$100K,OFFICE OF SPECIAL COUNSEL,9
$80K-$100K,OFFICE OF THE U.S. TRADE REPRESENTATIVE,11
$80K-$100K,PEACE CORPS,56
$80K-$100K,PENSION BENEFIT GUARANTY CORPORATION,26
$80K-$100K,PRESIDIO TRUST,66
$80K-$100K,PRIVACY AND CIVIL LIBERTIES OVERSIGHT,0
$80K-$100K,PUBLIC BUILDINGS REFORM BOARD,0
$80K-$100K,PUBLIC INTEREST DECLASSIFICATION BOARD,0
$80K-$100K,RAILROAD RETIREMENT BOARD,155
$80K-$100K,SECURITIES AND EXCHANGE COMMISSION,30
$80K-$100K,SELECTIVE SERVICE SYSTEM,12
$80K-$100K,SMALL BUSINESS ADMINISTRATION,1413
$80K-$100K,SMITHSONIAN INSTITUTION,709
$80K-$100K,SOCIAL SECURITY ADMINISTRATION,12916
$80K-$100K,SOUTHWEST BORDER REGIONAL COMMISSION,0
$80K-$100K,SURFACE TRANSPORTATION BOARD,5
$80K-$100K,THE US SEMIQUINCENTENNIAL COMMISSION,0
$80K-$100K,TRADE AND DEVELOPMENT AGENCY,3
$80K-$100K,U.S. AGENCY FOR INTERNATIONAL DEV,5
$80K-$100K,U.S. CMSN ON INTERNATL RELIGIOUS FREEDOM,8
$80K-$100K,U.S. HOLOCAUST MEMORIAL MUSEUM,14
$80K-$100K,U.S. INTERAGENCY COUNCIL ON HOMELESSNESS,0
$80K-$100K,U.S. INTERNATIONAL TRADE COMMISSION,17
$80K-$100K,U.S.-CHINA ECONOMIC & SECURITY REV CMSN,5
$80K-$100K,U.S.AGENCY FOR GLOBAL MEDIA,10
$80K-$100K,UTAH RECLAMATN MITIGATN & CONSERVTN CMSN,0
< $40K,ADMIN CONFERENCE OF THE UNITED STATES,0
< $40K,ADV COUNCIL ON HISTORIC PRESERVATION,3
< $40K,AFRICAN DEVELOPMENT FOUNDATION,0
< $40K,AMERICAN BATTLE MONUMENTS COMMISSION,0
< $40K,APPALACHIAN REGIONAL COMMISSION,0
< $40K,ARCHITECTL & TRANS BARRIER COMPLIANCE BD,0
< $40K,ARCTIC RESEARCH COMMISSION,0
< $40K,ARMED FORCES RETIREMENT HOME,0
< $40K,BARRY GOLDWATER SCHOL & EXCEL IN ED FOUN,0
< $40K,CHEMICAL SAFETY/HAZARD INVESTIGATION BD,0
< $40K,CIVIL RIGHTS COLD CASE REVIEW BOARD,0
< $40K,CMSN FOR PRES OF AMERICA'S HERITAGE ABRD,17
< $40K,CMTE FOR PURCH FRM PPLE BLIND OR SEV DIS,0
< $40K,COMMISSION OF FINE ARTS,0
< $40K,COMMISSION ON CIVIL RIGHTS,0
< $40K,COMMODITY FUTURES TRADING COMMISSION,3
< $40K,CONSUMER PRODUCT SAFETY COMMISSION,0
< $40K,CORP FOR NATIONAL AND COMMUNITY SERVICE,0
< $40K,COUNCIL OF ECONOMIC ADVISERS,1
< $40K,COUNCIL OF INSP. GEN. ON INTEG.& EFFIC.,0
< $40K,COUNCIL ON ENVIR QUAL/OFC OF ENVIR QUAL,0
< $40K,COURT SERVICES AND OFFENDR SUPERVSN AGY,0
< $40K,DEFENSE NUCLEAR FACILITIES SAFETY BOARD,0
< $40K,DELTA REGIONAL AUTHORITY,0
< $40K,DENALI COMMISSION,0
< $40K,DEPARTMENT OF AGRICULTURE,1922
< $40K,DEPARTMENT OF COMMERCE,2563
< $40K,DEPARTMENT OF DEFENSE,0
< $40K,DEPARTMENT OF EDUCATION,50
< $40K,DEPARTMENT OF ENERGY,39
< $40K,DEPARTMENT OF HEALTH AND HUMAN SERVICES,310
< $40K,DEPARTMENT OF HOMELAND SECURITY,49
< $40K,DEPARTMENT OF HOUSING AND URBAN DEVELOPM,0
< $40K,DEPARTMENT OF INTERIOR,353
< $40K,DEPARTMENT OF JUSTICE,2
< $40K,DEPARTMENT OF LABOR,3
< $40K,DEPARTMENT OF STATE,62
< $40K,DEPARTMENT OF THE AIR FORCE,0
< $40K,DEPARTMENT OF THE ARMY,0
< $40K,DEPARTMENT OF THE NAVY,0
< $40K,DEPARTMENT OF TRANSPORTATION,15
< $40K,DEPARTMENT OF TREASURY,553
< $40K,DEPARTMENT OF VETERANS AFFAIRS,5024
< $40K,DFC,1
< $40K,ELECTION ASSISTANCE COMMISSION,0
< $40K,ENVIRONMENTAL PROTECTION AGENCY,89
< $40K,EQUAL EMPLOYMENT OPPORTUNITY COMMISSION,0
< $40K,EXPORT-IMPORT BANK OF THE UNITED STATES,0
< $40K,FARM CREDIT ADMINISTRATION,0
< $40K,FARM CREDIT SYSTEM INSURANCE CORPORATION,0
< $40K,FED MEDIATION AND CONCILIATION SERVICE,0
< $40K,FED MINE SAFETY AND HEALTH REVIEW CMSN,0
< $40K,FED RETIREMENT THRIFT INVESTMENT BOARD,0
< $40K,FEDERAL COMMUNICATIONS COMMISSION,0
< $40K,FEDERAL DEPOSIT INSURANCE CORPORATION,0
< $40K,FEDERAL ELECTION COMMISSION,0
< $40K,FEDERAL FINANCIAL INST. EXAM. COUNCIL,0
< $40K,FEDERAL HOUSING FINANCE AGENCY,0
< $40K,FEDERAL LABOR RELATIONS AUTHORITY,0
< $40K,FEDERAL MARITIME COMMISSION,0
< $40K,FEDERAL PERMITTING IMPROVEMENT STEER,0
< $40K,FEDERAL RESERVE SYSTEM,1
< $40K,FEDERAL TRADE COMMISSION,0
< $40K,GENERAL SERVICES ADMINISTRATION,28
< $40K,GOVERNMENT PUBLISHING OFFICE,0
< $40K,GULF COAST ECOSYSTEM RESTORATION COUNCIL,0
< $40K,HARRY S. TRUMAN SCHOLARSHIP FOUNDATION,0
< $40K,INTER BOUND AND WATER COMM U.S. SECTION,0
< $40K,INTER-AMERICAN FOUNDATION,0
< $40K,INTERNAT BOUNDARY CMSN: U.S. AND CANADA,0
< $40K,INTERNATIONAL JOINT CMSN: U.S. & CANADA,0
< $40K,JAMES MADISON MEMORIAL FELLOWSHIP FOUND,0
< $40K,JAPAN-UNITED STATES FRIENDSHIP CMSN,0
< $40K,JUDICIAL BRANCH,0
< $40K,MARINE MAMMAL COMMISSION,0
< $40K,MEDICAID & CHIP PAYMENT & ACCESS COMM,1
< $40K,MERIT SYSTEMS PROTECTION BOARD,0
< $40K,MILLENNIUM CHALLENGE CORPORATION,0
< $40K,MORRIS K. UDALL & STEWART L. UDALL FOUND,8
< $40K,NAT AERONAUTICS AND SPACE ADMINISTRATION,2
< $40K,NAT ARCHIVES AND RECORDS ADMINISTRATION,72
< $40K,NAT CMSN ON LIBRARIES AND INFO SCIENCE,0
< $40K,NAT FOUNDATION ON ARTS AND HUMANITIES,4
< $40K,NATIONAL CAPITAL PLANNING COMMISSION,0
< $40K,NATIONAL COUNCIL ON DISABILITY,0
< $40K,NATIONAL CREDIT UNION ADMINISTRATION,0
< $40K,NATIONAL LABOR RELATIONS BOARD,0
< $40K,NATIONAL MEDIATION BOARD,0
< $40K,NATIONAL SCIENCE FOUNDATION,0
< $40K,NATIONAL SECURITY COUNCIL,1
< $40K,NATIONAL TRANSPORTATION SAFETY BOARD,0
< $40K,NORTHERN BORDER REGIONAL COMMISSION,0
< $40K,NUCLEAR REGULATORY COMMISSION,0
< $40K,NUCLEAR WASTE TECHNICAL REVIEW BOARD,0
< $40K,OCCUPATIONAL SAFETY & HEALTH REVIEW CMSN,0
< $40K,OFC OF THE NAT CYBER DIR,0
< $40K,OFFICE OF ADMINISTRATION,0
< $40K,OFFICE OF GOVERNMENT ETHICS,0
< $40K,OFFICE OF MANAGEMENT AND BUDGET,0
< $40K,OFFICE OF NATIONAL DRUG CONTROL POLICY,0
< $40K,OFFICE OF PERSONNEL MANAGEMENT,14
< $40K,OFFICE OF SCIENCE AND TECHNOLOGY POLICY,1
< $40K,OFFICE OF SPECIAL COUNSEL,0
< $40K,OFFICE OF THE U.S. TRADE REPRESENTATIVE,0
< $40K,PEACE CORPS,0
< $40K,PENSION BENEFIT GUARANTY CORPORATION,0
< $40K,PRESIDIO TRUST,0
< $40K,PRIVACY AND CIVIL LIBERTIES OVERSIGHT,0
< $40K,PUBLIC BUILDINGS REFORM BOARD,1
< $40K,PUBLIC INTEREST DECLASSIFICATION BOARD,1
< $40K,RAILROAD RETIREMENT BOARD,0
< $40K,SECURITIES AND EXCHANGE COMMISSION,0
< $40K,SELECTIVE SERVICE SYSTEM,0
< $40K,SMALL BUSINESS ADMINISTRATION,0
< $40K,SMITHSONIAN INSTITUTION,1
< $40K,SOCIAL SECURITY ADMINISTRATION,19
< $40K,SOUTHWEST BORDER REGIONAL COMMISSION,0
< $40K,SURFACE TRANSPORTATION BOARD,0
< $40K,THE US SEMIQUINCENTENNIAL COMMISSION,2
< $40K,TRADE AND DEVELOPMENT AGENCY,0
< $40K,U.S. AGENCY FOR INTERNATIONAL DEV,11
< $40K,U.S. CMSN ON INTERNATL RELIGIOUS FREEDOM,0
< $40K,U.S. HOLOCAUST MEMORIAL MUSEUM,0
< $40K,U.S. INTERAGENCY COUNCIL ON HOMELESSNESS,0
< $40K,U.S. INTERNATIONAL TRADE COMMISSION,0
< $40K,U.S.-CHINA ECONOMIC & SECURITY REV CMSN,0
< $40K,U.S.AGENCY FOR GLOBAL MEDIA,0
< $40K,UTAH RECLAMATN MITIGATN & CONSERVTN CMSN,1
Unknown/Redacted,ADMIN CONFERENCE OF THE UNITED STATES,0
Unknown/Redacted,ADV COUNCIL ON HISTORIC PRESERVATION,0
Unknown/Redacted,AFRICAN DEVELOPMENT FOUNDATION,0
Unknown/Redacted,AMERICAN BATTLE MONUMENTS COMMISSION,0
Unknown/Redacted,APPALACHIAN REGIONAL COMMISSION,1
Unknown/Redacted,ARCHITECTL & TRANS BARRIER COMPLIANCE BD,0
Unknown/Redacted,ARCTIC RESEARCH COMMISSION,0
Unknown/Redacted,ARMED FORCES RETIREMENT HOME,2
Unknown/Redacted,BARRY GOLDWATER SCHOL & EXCEL IN ED FOUN,0
Unknown/Redacted,CHEMICAL SAFETY/HAZARD INVESTIGATION BD,16
Unknown/Redacted,CIVIL RIGHTS COLD CASE REVIEW BOARD,0
Unknown/Redacted,CMSN FOR PRES OF AMERICA'S HERITAGE ABRD,0
Unknown/Redacted,CMTE FOR PURCH FRM PPLE BLIND OR SEV DIS,2
Unknown/Redacted,COMMISSION OF FINE ARTS,0
Unknown/Redacted,COMMISSION ON CIVIL RIGHTS,0
Unknown/Redacted,COMMODITY FUTURES TRADING COMMISSION,27
Unknown/Redacted,CONSUMER PRODUCT SAFETY COMMISSION,151
Unknown/Redacted,CORP FOR NATIONAL AND COMMUNITY SERVICE,8
Unknown/Redacted,COUNCIL OF ECONOMIC ADVISERS,2
Unknown/Redacted,COUNCIL OF INSP. GEN. ON INTEG.& EFFIC.,2
Unknown/Redacted,COUNCIL ON ENVIR QUAL/OFC OF ENVIR QUAL,1
Unknown/Redacted,COURT SERVICES AND OFFENDR SUPERVSN AGY,2
Unknown/Redacted,DEFENSE NUCLEAR FACILITIES SAFETY BOARD,2
Unknown/Redacted,DELTA REGIONAL AUTHORITY,0
Unknown/Redacted,DENALI COMMISSION,0
Unknown/Redacted,DEPARTMENT OF AGRICULTURE,1166
Unknown/Redacted,DEPARTMENT OF COMMERCE,748
Unknown/Redacted,DEPARTMENT OF DEFENSE,146827
Unknown/Redacted,DEPARTMENT OF EDUCATION,104
Unknown/Redacted,DEPARTMENT OF ENERGY,2661
Unknown/Redacted,DEPARTMENT OF HEALTH AND HUMAN SERVICES,1634
Unknown/Redacted,DEPARTMENT OF HOMELAND SECURITY,170519
Unknown/Redacted,DEPARTMENT OF HOUSING AND URBAN DEVELOPM,158
Unknown/Redacted,DEPARTMENT OF INTERIOR,2338
Unknown/Redacted,DEPARTMENT OF JUSTICE,70773
Unknown/Redacted,DEPARTMENT OF LABOR,1346
Unknown/Redacted,DEPARTMENT OF STATE,616
Unknown/Redacted,DEPARTMENT OF THE AIR FORCE,157093
Unknown/Redacted,DEPARTMENT OF THE ARMY,199561
Unknown/Redacted,DEPARTMENT OF THE NAVY,205871
Unknown/Redacted,DEPARTMENT OF TRANSPORTATION,1364
Unknown/Redacted,DEPARTMENT OF TREASURY,16400
Unknown/Redacted,DEPARTMENT OF VETERANS AFFAIRS,6524
Unknown/Redacted,DFC,11
Unknown/Redacted,ELECTION ASSISTANCE COMMISSION,5
Unknown/Redacted,ENVIRONMENTAL PROTECTION AGENCY,365
Unknown/Redacted,EQUAL EMPLOYMENT OPPORTUNITY COMMISSION,117
Unknown/Redacted,EXPORT-IMPORT BANK OF THE UNITED STATES,11
Unknown/Redacted,FARM CREDIT ADMINISTRATION,279
Unknown/Redacted,FARM CREDIT SYSTEM INSURANCE CORPORATION,5
Unknown/Redacted,FED MEDIATION AND CONCILIATION SERVICE,0
Unknown/Redacted,FED MINE SAFETY AND HEALTH REVIEW CMSN,4
Unknown/Redacted,FED RETIREMENT THRIFT INVESTMENT BOARD,4
Unknown/Redacted,FEDERAL COMMUNICATIONS COMMISSION,16
Unknown/Redacted,FEDERAL DEPOSIT INSURANCE CORPORATION,86
Unknown/Redacted,FEDERAL ELECTION COMMISSION,3
Unknown/Redacted,FEDERAL FINANCIAL INST. EXAM. COUNCIL,0
Unknown/Redacted,FEDERAL HOUSING FINANCE AGENCY,45
Unknown/Redacted,FEDERAL LABOR RELATIONS AUTHORITY,2
Unknown/Redacted,FEDERAL MARITIME COMMISSION,10
Unknown/Redacted,FEDERAL PERMITTING IMPROVEMENT STEER,0
Unknown/Redacted,FEDERAL RESERVE SYSTEM,11
Unknown/Redacted,FEDERAL TRADE COMMISSION,40
Unknown/Redacted,GENERAL SERVICES ADMINISTRATION,151
Unknown/Redacted,GOVERNMENT PUBLISHING OFFICE,63
Unknown/Redacted,GULF COAST ECOSYSTEM RESTORATION COUNCIL,0
Unknown/Redacted,HARRY S. TRUMAN SCHOLARSHIP FOUNDATION,0
Unknown/Redacted,INTER BOUND AND WATER COMM U.S. SECTION,0
Unknown/Redacted,INTER-AMERICAN FOUNDATION,0
Unknown/Redacted,INTERNAT BOUNDARY CMSN: U.S. AND CANADA,0
Unknown/Redacted,INTERNATIONAL JOINT CMSN: U.S. & CANADA,0
Unknown/Redacted,JAMES MADISON MEMORIAL FELLOWSHIP FOUND,0
Unknown/Redacted,JAPAN-UNITED STATES FRIENDSHIP CMSN,0
Unknown/Redacted,JUDICIAL BRANCH,0
Unknown/Redacted,MARINE MAMMAL COMMISSION,0
Unknown/Redacted,MEDICAID & CHIP PAYMENT & ACCESS COMM,0
Unknown/Redacted,MERIT SYSTEMS PROTECTION BOARD,2
Unknown/Redacted,MILLENNIUM CHALLENGE CORPORATION,0
Unknown/Redacted,MORRIS K. UDALL & STEWART L. UDALL FOUND,0
Unknown/Redacted,NAT AERONAUTICS AND SPACE ADMINISTRATION,712
Unknown/Redacted,NAT ARCHIVES AND RECORDS ADMINISTRATION,7
Unknown/Redacted,NAT CMSN ON LIBRARIES AND INFO SCIENCE,0
Unknown/Redacted,NAT FOUNDATION ON ARTS AND HUMANITIES,0
Unknown/Redacted,NATIONAL CAPITAL PLANNING COMMISSION,0
Unknown/Redacted,NATIONAL COUNCIL ON DISABILITY,0
Unknown/Redacted,NATIONAL CREDIT UNION ADMINISTRATION,1184
Unknown/Redacted,NATIONAL LABOR RELATIONS BOARD,17
Unknown/Redacted,NATIONAL MEDIATION BOARD,2
Unknown/Redacted,NATIONAL SCIENCE FOUNDATION,20
Unknown/Redacted,NATIONAL SECURITY COUNCIL,1
Unknown/Redacted,NATIONAL TRANSPORTATION SAFETY BOARD,107
Unknown/Redacted,NORTHERN BORDER REGIONAL COMMISSION,0
Unknown/Redacted,NUCLEAR REGULATORY COMMISSION,328
Unknown/Redacted,NUCLEAR WASTE TECHNICAL REVIEW BOARD,0
Unknown/Redacted,OCCUPATIONAL SAFETY & HEALTH REVIEW CMSN,1
Unknown/Redacted,OFC OF THE NAT CYBER DIR,1
Unknown/Redacted,OFFICE OF ADMINISTRATION,2
Unknown/Redacted,OFFICE OF GOVERNMENT ETHICS,1
Unknown/Redacted,OFFICE OF MANAGEMENT AND BUDGET,12
Unknown/Redacted,OFFICE OF NATIONAL DRUG CONTROL POLICY,1
Unknown/Redacted,OFFICE OF PERSONNEL MANAGEMENT,34
Unknown/Redacted,OFFICE OF SCIENCE AND TECHNOLOGY POLICY,1
Unknown/Redacted,OFFICE OF SPECIAL COUNSEL,1
Unknown/Redacted,OFFICE OF THE U.S. TRADE REPRESENTATIVE,11
Unknown/Redacted,PEACE CORPS,12
Unknown/Redacted,PENSION BENEFIT GUARANTY CORPORATION,21
Unknown/Redacted,PRESIDIO TRUST,0
Unknown/Redacted,PRIVACY AND CIVIL LIBERTIES OVERSIGHT,1
Unknown/Redacted,PUBLIC BUILDINGS REFORM BOARD,0
Unknown/Redacted,PUBLIC INTEREST DECLASSIFICATION BOARD,0
Unknown/Redacted,RAILROAD RETIREMENT BOARD,25
Unknown/Redacted,SECURITIES AND EXCHANGE COMMISSION,40
Unknown/Redacted,SELECTIVE SERVICE SYSTEM,0
Unknown/Redacted,SMALL BUSINESS ADMINISTRATION,145
Unknown/Redacted,SMITHSONIAN INSTITUTION,43
Unknown/Redacted,SOCIAL SECURITY ADMINISTRATION,327
Unknown/Redacted,SOUTHWEST BORDER REGIONAL COMMISSION,0
Unknown/Redacted,SURFACE TRANSPORTATION BOARD,3
Unknown/Redacted,THE US SEMIQUINCENTENNIAL COMMISSION,0
Unknown/Redacted,TRADE AND DEVELOPMENT AGENCY,1
Unknown/Redacted,U.S. AGENCY FOR INTERNATIONAL DEV,41
Unknown/Redacted,U.S. CMSN ON INTERNATL RELIGIOUS FREEDOM,0
Unknown/Redacted,U.S. HOLOCAUST MEMORIAL MUSEUM,1
Unknown/Redacted,U.S. INTERAGENCY COUNCIL ON HOMELESSNESS,0
Unknown/Redacted,U.S. INTERNATIONAL TRADE COMMISSION,4
Unknown/Redacted,U.S.-CHINA ECONOMIC & SECURITY REV CMSN,0
Unknown/Redacted,U.S.AGENCY FOR GLOBAL MEDIA,8
Unknown/Redacted,UTAH RECLAMATN MITIGATN & CONSERVTN CMSN,0
